<!--
 * ***** BEGIN LICENSE BLOCK *****
 * OpenPGP Zimbra Secure is the open source digital signature and encrypt for Zimbra Collaboration Open Source Edition software
 * Copyright (C) 2016-present OpenPGP Zimbra Secure

 * This program is free software: you can redistribute it and/or modify
 * it under the terms of the GNU Affero General Public License as published by
 * the Free Software Foundation, either version 3 of the License, or
 * any later version.

 * This program is distributed in the hope that it will be useful,
 * but WITHOUT ANY WARRANTY; without even the implied warranty of
 * MERCHANTABILITY or FITNESS FOR A PARTICULAR PURPOSE. See the
 * GNU Affero General Public License for more details.
 * You should have received a copy of the GNU Affero General Public License
 * along with this program. If not, see <http://www.gnu.org/licenses/>
 * ***** END LICENSE BLOCK *****
 *
 * OpenPGP MIME Secure Email Zimlet
 *
 * Written by nguyennv1981@gmail.com
-->
<zimlet name="openpgp_zimbra_secure" version="1.0"
        label="${msg.label}"
        description="${msg.description}"
        target="main compose-window view-window">
    <include>js/OpenPGPSecure.js</include>
    <include>js/OpenPGPSecurePrefs.js</include>

    <include>js/json/json2.js</include>
    <include>js/quoted-printable/quoted-printable.js</include>
    <include>js/utf8/utf8.js</include>

    <include>templates/openpgp_zimbra_secure.template.js</include>

    <includeCSS>openpgp_zimbra_secure.css</includeCSS>
    <handlerObject>openpgp_zimbra_secure_HandlerObject</handlerObject>
</zimlet>
